{
  "model_name": "slice_type_5g",
  "version": 6,
  "run_id": "3294028e6cd6464ca7fe972d9eeb5348",
  "metrics": {
    "val_accuracy": 0.8925593667546174,
    "val_precision": 0.9106139333844953,
    "val_recall": 0.8925593667546174,
    "val_f1": 0.8814778792258806,
    "val_f1_class_1": 0.9082717606775995,
    "val_f1_class_2": 0.7019906323185011,
    "val_f1_class_3": 1.0
  },
  "created_at": "2026-04-26T11:55:23+00:00",
  "framework": "lightgbm"
}